{"cameraMode":{"drawMode":0,"name":"Shaded","section":"Shading Mode"},"sceneLighting":false,"audioPlay":false,"sceneViewState":{"m_AlwaysRefresh":false,"showFog":true,"showSkybox":false,"showFlares":true,"showImageEffects":true,"showParticleSystems":true,"showVisualEffectGraphs":true,"m_FxEnabled":true},"in2DMode":false,"pivot":{"x":0.0000015348196029663086,"y":0.003601865377277136,"z":0.04559153690934181},"rotation":{"x":-0.12539725005626679,"y":0.6803350448608398,"z":-0.1198045164346695,"w":-0.7120887637138367},"size":0.7596873044967651,"orthographic":false}