{"cameraMode":{"drawMode":0,"name":"Shaded","section":"Shading Mode"},"sceneLighting":false,"audioPlay":false,"sceneViewState":{"m_AlwaysRefresh":false,"showFog":true,"showSkybox":false,"showFlares":true,"showImageEffects":true,"showParticleSystems":true,"showVisualEffectGraphs":true,"m_FxEnabled":true},"in2DMode":false,"pivot":{"x":0.03690413758158684,"y":5.231848239898682,"z":-1.32072114944458},"rotation":{"x":-0.4964323341846466,"y":0.05902324989438057,"z":-0.03385946527123451,"w":-0.8654116988182068},"size":0.018524114042520524,"orthographic":false}