{"cameraMode":{"drawMode":0,"name":"Shaded","section":"Shading Mode"},"sceneLighting":false,"audioPlay":false,"sceneViewState":{"m_AlwaysRefresh":false,"showFog":true,"showSkybox":false,"showFlares":true,"showImageEffects":true,"showParticleSystems":true,"showVisualEffectGraphs":true,"m_FxEnabled":true},"in2DMode":false,"pivot":{"x":-0.1399998664855957,"y":0.5000001192092896,"z":3.379999876022339},"rotation":{"x":-0.03315219283103943,"y":-0.09520518034696579,"z":0.003174115438014269,"w":-0.9949036836624146},"size":4.1408209800720219,"orthographic":false}