{"cameraMode":{"drawMode":0,"name":"Shaded","section":"Shading Mode"},"sceneLighting":false,"audioPlay":false,"sceneViewState":{"m_AlwaysRefresh":false,"showFog":true,"showSkybox":false,"showFlares":true,"showImageEffects":true,"showParticleSystems":true,"showVisualEffectGraphs":true,"m_FxEnabled":true},"in2DMode":false,"pivot":{"x":0.7207436561584473,"y":0.783890962600708,"z":3.8299999237060549},"rotation":{"x":-0.09316999465227127,"y":-0.009859752841293812,"z":0.0009205967071466148,"w":-0.9956022500991821},"size":8.406710624694825,"orthographic":false}